<?xml version="1.0" encoding="UTF-8"?>
<NFe xmlns="http://www.portalfiscal.inf.br/nfe" xmlns:ds="http://www.w3.org/2000/09/xmldsig#" xmlns:xsi="http://www.w3.org/2001/XMLSchema-instance"><infNFe Id="NFe53080334261131000144550010000000013638874925" versao="1.10"><ide><cUF>53</cUF><cNF>363887492</cNF><natOp>5101</natOp><indPag>0</indPag><mod>55</mod><serie>10</serie><nNF>10</nNF><dEmi>2008-03-27</dEmi><dSaiEnt>2008-03-27</dSaiEnt><tpNF>1</tpNF><cMunFG>2927408</cMunFG><tpImp>1</tpImp><tpEmis>1</tpEmis><cDV>5</cDV><tpAmb>1</tpAmb><finNFe>1</finNFe><procEmi>3</procEmi><verProc>1.0.12</verProc></ide><emit><CNPJ>34261131000144</CNPJ><xNome>TKS Comercio e Servicos de Telefonia</xNome><xFant>TKS</xFant><enderEmit><xLgr>Rua Padre Casemiro Quiroga</xLgr><nro>236</nro><xCpl>Loja D Centro Comercial do Imbui</xCpl><xBairro>Imbui</xBairro><cMun>2927408</cMun><xMun>Salvador</xMun><UF>BA</UF><CEP>41720400</CEP><cPais>1058</cPais><xPais>BRASIL</xPais><fone>7133711818</fone></enderEmit><IE>26858614</IE><IM>07440600133</IM><CNAE>6201500</CNAE></emit><dest><CPF>80910912572</CPF><xNome>Victory Fernandes</xNome><enderDest><xLgr>Av. Jorge Amado</xLgr><nro>270</nro><xCpl>Cond. Moradas do Parque 1</xCpl><xBairro>Imbui</xBairro><cMun>2927408</cMun><xMun>Salvador</xMun><UF>BA</UF><CEP>41720050</CEP><cPais>1058</cPais><xPais>BRASIL</xPais><fone>7191991752</fone></enderDest><IE>ISENTO</IE></dest><det nItem="1"><prod><cProd>123</cProd><cEAN>9788575021712</cEAN><xProd>Produto Teste</xProd><NCM>00010101</NCM><CFOP>5101</CFOP><uCom>Kg</uCom><qCom>1.0000</qCom><vUnCom>10.0000</vUnCom><vProd>10.00</vProd><cEANTrib>7890552036199</cEANTrib><uTrib>Kg</uTrib><qTrib>1.0000</qTrib><vUnTrib>10.0000</vUnTrib></prod><imposto><ICMS><ICMS00><orig>0</orig><CST>00</CST><modBC>3</modBC><vBC>10.00</vBC><pICMS>17.00</pICMS><vICMS>1.70</vICMS></ICMS00></ICMS><PIS><PISAliq><CST>01</CST><vBC>10.00</vBC><pPIS>1.00</pPIS><vPIS>0.10</vPIS></PISAliq></PIS><PISST><vBC>10.00</vBC><pPIS>2.00</pPIS><vPIS>0.20</vPIS></PISST><COFINS><COFINSAliq><CST>01</CST><vBC>10.00</vBC><pCOFINS>3.00</pCOFINS><vCOFINS>0.30</vCOFINS></COFINSAliq></COFINS><COFINSST><vBC>10.00</vBC><pCOFINS>4.00</pCOFINS><vCOFINS>0.40</vCOFINS></COFINSST></imposto></det><total><ICMSTot><vBC>10.00</vBC><vICMS>1.70</vICMS><vBCST>0.00</vBCST><vST>0.00</vST><vProd>10.00</vProd><vFrete>0.00</vFrete><vSeg>0.00</vSeg><vDesc>0.00</vDesc><vII>0.00</vII><vIPI>0.00</vIPI><vPIS>0.10</vPIS><vCOFINS>0.30</vCOFINS><vOutro>0.00</vOutro><vNF>10.00</vNF></ICMSTot></total><transp><modFrete>1</modFrete><transporta><CNPJ>04503338000206</CNPJ><xNome>MG Transporte Rodoviario de Carga Ltda</xNome><IE>64101730</IE><xEnder>Rua Abrantes 365</xEnder><xMun>Camacari</xMun><UF>BA</UF></transporta><veicTransp><placa>JOH4953</placa><UF>BA</UF></veicTransp></transp><cobr><fat><nFat>12</nFat><vOrig>10.00</vOrig><vLiq>10.00</vLiq></fat><dup><nDup>13</nDup><dVenc>2008-04-10</dVenc><vDup>10.00</vDup></dup></cobr><infAdic><infAdFisco>Nota Fiscal Eletronica gerada a partir do sistema TKS de geracao de NF-e</infAdFisco><infCpl>Nota Fiscal Eletronica gerada a partir do sistema TKS de geracao de NF-e</infCpl></infAdic></infNFe></NFe>
